{
    "defaultEnv": "dev",
    "dev": {
        "host": "54.72.44.236",
        "database": "smvDb",
        "driver": "mysql",
        "multipleStatements": true,
        "user": "smvuser",
        "password": "pSEk[+U~[Qu7&^"
    },
    "sql-file": true,
    "qa": {
        "host": "54.72.44.236",
        "database": "smvDb_QA",
        "driver": "mysql",
        "multipleStatements": true,
        "user": "smvuser",
        "password": "pSEk[+U~[Qu7&^"
    },
    "production": {
        "host": "",
        "database": "",
        "driver": "mysql",
        "multipleStatements": true,
        "user": "",
        "password": ""
    },
    "uat": {
        "host": "",
        "database": "",
        "driver": "mysql",
        "multipleStatements": true,
        "user": "",
        "password": ""
    }
}